participant_id	original_user
sub-01	01aff754c1
sub-02	0219627c14
sub-03	03c48f96aa
sub-04	03d49b393e
sub-05	05026be68a
sub-06	055bb1b487
sub-07	057e6195fe
sub-08	059f336bce
sub-09	0625995630
sub-10	06d17ebbe4
sub-100	751c72b291
sub-101	7539cfcc1f
sub-102	75ad09e541
sub-103	76932c8337
sub-104	76bfc2d385
sub-105	77202ba0fc
sub-106	786ba539e1
sub-107	79d6b65fef
sub-108	7afcdcd6be
sub-109	7b3e63f24d
sub-11	0816388460
sub-110	7b5690f286
sub-111	7e08fa55fd
sub-112	7e11a60f88
sub-113	805d5c474a
sub-114	827c91d800
sub-115	82f6fe243f
sub-116	831cb06e26
sub-117	84a77feea6
sub-118	87aa3b3887
sub-119	880c49a2d1
sub-12	0adf4a785f
sub-120	8bd1c0ff16
sub-121	8d653d8587
sub-122	8db8aaea3b
sub-123	8e69533c16
sub-124	915e7ab7da
sub-125	91e58c0561
sub-126	9261f6ab56
sub-127	92f25d4f36
sub-128	937c4a3e64
sub-129	947f4aad09
sub-13	0ba89d682e
sub-130	969483f088
sub-131	97a2aa29dd
sub-132	9b8c99cdc2
sub-133	9c1a1875e7
sub-134	9e7c5def0b
sub-135	9ea3bd3394
sub-136	9f2bac1c05
sub-137	9fc18a9307
sub-138	9fcad1a5cc
sub-139	a3bb314215
sub-14	0dc695684d
sub-140	a485d3c03a
sub-141	a49cf31c6c
sub-142	a7f8802c08
sub-143	a91351ec22
sub-144	a993d16f6e
sub-145	ab228f34a5
sub-146	ada8b78af8
sub-147	adc5269c79
sub-148	ae1ab56df2
sub-149	af1317ea3d
sub-15	0e0e34d703
sub-150	b1284f4935
sub-151	b12a8b6064
sub-152	b27941d454
sub-153	b5064e141f
sub-154	b6fa6cd36f
sub-155	b7e608b482
sub-156	b99b939f3f
sub-157	bd64911c18
sub-158	bd84652be9
sub-159	be762396f6
sub-16	0f85d8939c
sub-160	c2991a87f6
sub-161	c664b157c0
sub-162	cab34d1c74
sub-163	cdd070e9c3
sub-164	ce52651f99
sub-165	d29fdc12bb
sub-166	d387095792
sub-167	d89102dc16
sub-168	d8b3b209f4
sub-169	d999a1ad10
sub-17	1066cc94fc
sub-170	d9a33cf983
sub-171	dd810188d9
sub-172	e03cea741b
sub-173	e51f6d97cf
sub-174	e5ecebd9aa
sub-175	e5ffa40c92
sub-176	e627a3984a
sub-177	e666e9de6e
sub-178	e86f1eaf2f
sub-179	eab042e9de
sub-18	1152814359
sub-180	ec05871b7c
sub-181	ec7f7bbbcd
sub-182	ef59709d32
sub-183	effb699d16
sub-184	f0ff207f52
sub-185	f1b6a408bf
sub-186	f1bc3d19f7
sub-187	f3a4630adf
sub-188	f3d1d06b13
sub-189	f51770da75
sub-19	1223558697
sub-190	f6a246de38
sub-191	fba9f08c33
sub-192	fd5ce7691e
sub-193	fd7b487e8d
sub-20	13b8b5f76d
sub-21	13ba969d01
sub-22	1407610453
sub-23	16923056b7
sub-24	18449b9c12
sub-25	1896997952
sub-26	195b39dad8
sub-27	1b89ab145b
sub-28	1c0b9963d7
sub-29	1f6de69ab3
sub-30	20059f07ed
sub-31	2038d88aa3
sub-32	2132c5d085
sub-33	21cfae42e1
sub-34	2251681168
sub-35	22808ee66c
sub-36	232751bf39
sub-37	2327817653
sub-38	23b817e892
sub-39	2478d8eb54
sub-40	2668760727
sub-41	26a8454b40
sub-42	2772dd6ee3
sub-43	2942949786
sub-44	299b130307
sub-45	29ddab35d7
sub-46	2ae025bda1
sub-47	2af4aec870
sub-48	2bbe806971
sub-49	2be40c4380
sub-50	2cc385c3cd
sub-51	2cefcf6cba
sub-52	2d0838950a
sub-53	2e17a57d54
sub-54	2e45fde443
sub-55	2f97e4c26e
sub-56	3108329190
sub-57	3175245a1b
sub-58	31b6cc13eb
sub-59	323f919c83
sub-60	32473f0e96
sub-61	32cbfe3221
sub-62	342248118e
sub-63	34269a8572
sub-64	3589743749
sub-65	3669295621
sub-66	3714261337
sub-67	374b365235
sub-68	3875521008
sub-69	38a974a38e
sub-70	3916480018
sub-71	3976352430
sub-72	3b8495fc25
sub-73	3f79dccf7a
sub-74	456bd13d28
sub-75	47c605ad6f
sub-76	495869fa89
sub-77	4c4bfe28ea
sub-78	4cf27a8135
sub-79	4e37b5eb0b
sub-80	5058b0b5f2
sub-81	513ba531ad
sub-82	518feaea99
sub-83	5359e252a0
sub-84	54c854b839
sub-85	5c3e677177
sub-86	5e30de9ee8
sub-87	5ef3a0537e
sub-88	5f75b1e7f6
sub-89	6076c7a1a2
sub-90	60e5a2b0a4
sub-91	65228c03b3
sub-92	65546ad185
sub-93	66cb44c2dc
sub-94	6a7fc66366
sub-95	7016fd5330
sub-96	70ad60b9a1
sub-97	722aa7faff
sub-98	737fb9d2eb
sub-99	7411c05095
